question,source_url,platform,frequency,can_verify,risk_level,article_target,priority,status
"Failed due to invalid or missing authentication token for user appears as soon as I enter the game. How to solve it?","https://steamcommunity.com/app/4704690/discussions/0/571541224065937727/","Steam Discussions","high","no","medium","invalid-missing-authentication-token","P0","collected"
"Failed due to invalid or missing authentication token when I launch the game; does anyone know if they can help?","https://steamcommunity.com/app/4704690/discussions/0/571541539431582929/","Steam Discussions","high","no","medium","invalid-missing-authentication-token","P0","collected"
"Game failing due to invalid or missing authentication token; can't sign in to game.","https://steamcommunity.com/app/4704690/discussions/0/571541539431593526/","Steam Discussions","high","no","medium","invalid-missing-authentication-token","P0","collected"
"Can't play, says I have an invalid or missing authentication token. How do I fix this?","https://steamcommunity.com/app/4704690/discussions/0/571541539431437308/","Steam Discussions","high","no","medium","invalid-missing-authentication-token","P0","collected"
"I opened the game, but the screen is stuck on signing in and I can't play.","https://steamcommunity.com/app/4704690/discussions/0/572666820170036157/","Steam Discussions","medium","no","low","stuck-on-signing-in","P0","collected"
"Can't even boot the game, crashes on launch.","https://steamcommunity.com/app/4704690/discussions/0/572666820169860672/","Steam Discussions","medium","no","medium","crashes-on-launch","P0","collected"
"The game crashes every time I try to start it, and I can't find Display Adapters in device settings.","https://steamcommunity.com/app/4704690/discussions/0/571541539431436921/","Steam Discussions","medium","no","medium","crashes-on-launch","P0","collected"
"Just purchased the game; whichever server I join, lobby is colorful, but when the game starts everything is black.","https://steamcommunity.com/app/4704690/discussions/0/571541539431604188/","Steam Discussions","medium","no","low","black-screen-map-loading","P0","collected"
"If you don't download the map, the game starts anyway on a black screen and you can see everyone without walls.","https://steamcommunity.com/app/4704690/discussions/0/562534659773392675/","Steam Discussions","medium","no","low","black-screen-map-loading","P0","collected"
"Workshop maps don't load; I reinstalled them, but they are still not detected.","https://steamcommunity.com/app/4704690/discussions/0/571541539431625581/","Steam Discussions","medium","no","low","workshop-maps-not-loading","P0","collected"
"Workshop map does not show when I create a server; download button does not work when a friend starts a custom map.","https://steamcommunity.com/app/4704690/discussions/0/571541539431508654/","Steam Discussions","medium","no","low","workshop-maps-not-loading","P0","collected"
"I am subscribed to workshop maps, but sometimes the game says I do not own them and prompts me to download them again.","https://steamcommunity.com/app/4704690/discussions/0/571541224066090552/","Steam Discussions","medium","no","low","workshop-maps-not-loading","P1","collected"
"Steam Workshop blocks me with 'you've made too many requests recently' after trying to download a map.","https://steamcommunity.com/app/4704690/discussions/0/571541224066216157/","Steam Discussions","medium","no","low","workshop-too-many-requests","P1","collected"
"When painting in the lobby and a match starts, the Download Mod Map button is unclickable because paintbrush remains selected.","https://steamcommunity.com/app/4704690/discussions/0/562534659773317003/","Steam Discussions","medium","no","low","download-mod-map-button-unclickable","P1","collected"
"When I join a lobby with a custom map selected, I can't quit the room without closing the game.","https://steamcommunity.com/app/4704690/discussions/0/571541224066155617/","Steam Discussions","low","no","low","cant-exit-custom-map-lobby","P1","collected"
"How do I create custom maps? I can't see the Steam tool for the game.","https://steamcommunity.com/app/4704690/discussions/0/572666820170043910/","Steam Discussions","medium","no","low","how-to-create-custom-maps","P1","collected"
"Can't find Steam Tools for MECCHA CHAMELEON even though people are making workshop maps.","https://www.reddit.com/r/steamsupport/comments/1u5352f/cant_find_steam_tools_for_a_game_that_supposedly/","Reddit","medium","no","low","cant-find-steam-tools","P1","collected"
"How do custom skins work? I made a skin for more than an hour and nothing got saved.","https://steamcommunity.com/app/4704690/discussions/0/572666820169947605/","Steam Discussions","low","no","low","custom-skins-not-saving","P2","collected"
"Please let us switch keybinds; AZERTY and left-handed players say the game is hard or unplayable.","https://steamcommunity.com/app/4704690/discussions/0/572666489558296056/","Steam Discussions","high","no","low","custom-keybinds-azerty","P0","collected"
"How do I change keybinds to AZERTY?","https://steamcommunity.com/app/4704690/discussions/0/572666489558305792/","Steam Discussions","high","no","low","custom-keybinds-azerty","P0","collected"
"I play mouse and keyboard left-handed and want to rebind movement and interact keys.","https://steamcommunity.com/app/4704690/discussions/0/571541224066087047/","Steam Discussions","medium","no","low","custom-keybinds-left-handed","P1","collected"
"How to change the keybinds?","https://steamcommunity.com/app/4704690/discussions/0/562534659773459188/","Steam Discussions","medium","no","low","how-to-change-keybinds","P1","collected"
"As a hider, what button do I press on keyboard to lay down or go into ball position?","https://steamcommunity.com/app/4704690/discussions/0/572666489558099022/","Steam Discussions","medium","no","low","how-to-change-hider-pose","P1","collected"
"After choosing a pose, how do I change the angle of my character to be flush against a surface?","https://steamcommunity.com/app/4704690/discussions/0/571541224066107662/","Steam Discussions","medium","no","low","how-to-rotate-hider-pose","P1","collected"
"When in paint mode as a hider, pressing 5 to fly around keeps me in paint mode.","https://steamcommunity.com/app/4704690/discussions/0/571541224066019090/","Steam Discussions","low","no","low","paint-mode-stuck-when-flying","P2","collected"
"When hiding on barn walls, I get stuck in a painting scene and can't get out of it.","https://steamcommunity.com/app/4704690/discussions/0/571541224065874020/","Steam Discussions","low","no","low","stuck-in-painting-scene","P2","collected"
"If I try to use the color picker, it crashes the game.","https://steamcommunity.com/app/4704690/discussions/0/571541224065876226/","Steam Discussions","medium","no","medium","color-picker-crashes-game","P1","collected"
"Voice chat seems buggy; people often sound like robots.","https://steamcommunity.com/app/4704690/discussions/0/571541224066019090/","Steam Discussions","medium","no","low","voice-chat-robot-sound","P1","collected"
"Voice chat not working.","https://steamcommunity.com/app/4704690/discussions/","Steam Discussions","medium","no","low","voice-chat-not-working","P1","collected"
"How do we report people? Too many toxic or racist players are making lobbies.","https://steamcommunity.com/app/4704690/discussions/0/571541224065866592/","Steam Discussions","medium","no","low","how-to-report-players","P1","collected"
"After massive desync, the game does not reconnect or resync; the only option is to leave the lobby.","https://steamcommunity.com/app/4704690/discussions/0/572666820169932528/","Steam Discussions","medium","no","low","desync-no-reconnect","P1","collected"
"Can the host cancel the countdown timer before entering a map instead of recreating the server?","https://steamcommunity.com/app/4704690/discussions/0/571541224066001773/","Steam Discussions","low","no","low","cancel-lobby-countdown","P2","collected"
"Is there any reason why I am getting 4-5 FPS with the lowest and highest settings?","https://steamcommunity.com/app/4704690/discussions/0/?fp=83","Steam Discussions","medium","no","medium","low-fps-settings","P1","collected"
"Please add more graphics options; my potato PC does not like high graphics.","https://steamcommunity.com/app/4704690/discussions/","Steam Discussions","medium","no","low","more-graphics-options","P2","collected"
"Really need an FOV slider; the game gives me a headache.","https://steamcommunity.com/app/4704690/discussions/","Steam Discussions","medium","no","low","fov-slider-request","P2","collected"
"Invert mouse?","https://steamcommunity.com/app/4704690/discussions/","Steam Discussions","medium","no","low","invert-mouse-setting","P2","collected"
"Can't change brush size.","https://steamcommunity.com/app/4704690/discussions/0/?l=czech","Steam Discussions","low","no","low","cant-change-brush-size","P2","collected"
"Can't delete clones.","https://steamcommunity.com/app/4704690/discussions/","Steam Discussions","low","no","low","cant-delete-clones","P2","collected"
"If you shoot a decoy, it just wins the game; what is the point of placing decoys down?","https://steamcommunity.com/app/4704690/discussions/0/562534659773450328/","Steam Discussions","low","no","low","decoy-purpose-explained","P2","collected"
"Is it worth getting if I don't have friends to play with? Is there randomized online matchmaking?","https://www.reddit.com/r/ShouldIbuythisgame/comments/1uakvy1/meccha_chameleon_on_steam/","Reddit","medium","no","low","play-without-friends","P1","collected"
